user_profile_introduce_id,interest_id
f5b8a9d2-1c3e-4f6a-9b8d-0e1f2a3b4c5d,2a9b4c7d-3e8f-4d1a-9c2b-7f8e1d2c3b4a
f5b8a9d2-1c3e-4f6a-9b8d-0e1f2a3b4c5d,7a1f3d9e-2b4c-4e8f-9c1a-6d2e5b7f3a9c
f5b8a9d2-1c3e-4f6a-9b8d-0e1f2a3b4c5d,4a7e1b3c-9f2d-4d8e-9a1c-3e6b2f9d5c7a
f5b8a9d2-1c3e-4f6a-9b8d-0e1f2a3b4c5d,6c3b2e1d-8f4a-4a9d-9e2b-1d7f3c5a8e9b
f5b8a9d2-1c3e-4f6a-9b8d-0e1f2a3b4c5d,3b4c5d6e-7f8a-4d9e-8f0a-1e2f3a4b5c6d
f5b8a9d2-1c3e-4f6a-9b8d-0e1f2a3b4c5d,8e9f0a1b-2c3d-4d5e-8a6b-7c8d9e0f1a2b
f5b8a9d2-1c3e-4f6a-9b8d-0e1f2a3b4c5d,3d4e5f6a-7b8c-4f9a-8c0d-1e2f3a4b5c6d
f5b8a9d2-1c3e-4f6a-9b8d-0e1f2a3b4c5d,4c5d6e7f-8a9b-4a0c-9d1e-2b3c4d5e6f7a
f5b8a9d2-1c3e-4f6a-9b8d-0e1f2a3b4c5d,4a5b6c7d-8e9f-4b0e-9f1b-2c3d4e5f6a7b
a3c9e8b1-2d4f-5a6b-8c9d-1e2f3a4b5c6d,8c1d5e2a-7b3f-4a9c-9d2e-5f6a7b8c9d0e
a3c9e8b1-2d4f-5a6b-8c9d-1e2f3a4b5c6d,9d1f2c3b-7e4a-4a8d-8c2e-1b5f3e7a6d9c
a3c9e8b1-2d4f-5a6b-8c9d-1e2f3a4b5c6d,3a4b5c6d-7e8f-4a9b-8c0d-1e2f3a4b5c6d
a3c9e8b1-2d4f-5a6b-8c9d-1e2f3a4b5c6d,6e7f8a9b-0c1d-4b2e-9f3a-4c5d6e7f8a9b
a3c9e8b1-2d4f-5a6b-8c9d-1e2f3a4b5c6d,1f2a3b4c-5d6e-478f-8a9b-0c1d2e3f4a5b
a3c9e8b1-2d4f-5a6b-8c9d-1e2f3a4b5c6d,1d2e3f4a-5b6c-478d-8f9a-0b1c2d3e4f5a
a3c9e8b1-2d4f-5a6b-8c9d-1e2f3a4b5c6d,8c9d0e1f-2a3b-4c5d-8e6f-7a8b9c0d1e2f
a3c9e8b1-2d4f-5a6b-8c9d-1e2f3a4b5c6d,5b6c7d8e-9f0a-4d1b-9c2d-3e4f5a6b7c8d
a3c9e8b1-2d4f-5a6b-8c9d-1e2f3a4b5c6d,6a7b8c9d-0e1f-4b2c-9d3e-4f5a6b7c8d9e
